text,Completed,ORG_entity,COLLAB_relation
"Collaboration between companies is a key driver of innovation, market expansion, and value creation. There are numerous examples across industries that demonstrate how strategic partnerships can lead to mutual benefits, opening new avenues for growth and helping companies tackle challenges that would be difficult to overcome alone. One of the most famous examples is the partnership between Starbucks and PepsiCo. In the mid-1990s, Starbucks sought to enter the ready-to-drink coffee market, but it lacked the distribution channels and experience in this segment. By partnering with PepsiCo, Starbucks was able to leverage Pepsi’s vast distribution network, allowing the two companies to successfully launch the bottled Frappuccino product line. This collaboration expanded Starbucks’ brand presence far beyond its coffee shops and added a new revenue stream.

Another significant collaboration occurred between Apple and IBM. Although once fierce rivals, in 2014 Apple and IBM partnered to combine Apple’s consumer-friendly hardware and software with IBM’s big data and analytics capabilities tailored for enterprise clients. The collaboration produced a suite of business apps and services, targeting sectors such as healthcare, transportation, and financial services. This strategic move allowed Apple to strengthen its position in the corporate market while IBM benefited from Apple’s design expertise and user base.

In the automotive industry, BMW and Toyota collaborated on the joint development of hydrogen fuel cell technology, lightweight materials, and a shared sports car platform. Each company brought unique strengths to the table: BMW’s expertise in premium vehicles and driving dynamics complemented Toyota’s leadership in hybrid and fuel cell technologies. The collaboration resulted in shared research and development efforts and culminated in products like the BMW Z4 and the Toyota Supra, which share an underlying platform while maintaining distinct brand identities.

An example from the pharmaceutical sector is the collaboration between BioNTech and Pfizer. BioNTech, a German biotech company specializing in mRNA technologies, partnered with Pfizer to rapidly develop and distribute a COVID-19 vaccine. BioNTech provided the scientific innovation, while Pfizer contributed its global manufacturing and distribution capabilities. The partnership enabled an unprecedented speed of vaccine development and rollout, illustrating the immense potential of collaborative efforts during global crises.

In the fashion industry, Adidas and Parley for the Oceans formed a partnership to create high-performance sportswear from recycled ocean plastic. This collaboration not only addressed the pressing environmental issue of ocean pollution but also demonstrated the possibility of integrating sustainability into mainstream consumer products. Adidas gained a new line of eco-conscious products, enhancing its brand image, while Parley advanced its mission of raising awareness and reducing marine plastic waste.

In the tech sector, the partnership between Microsoft and LinkedIn is another noteworthy example. After Microsoft’s acquisition of LinkedIn in 2016, the two companies worked closely to integrate LinkedIn’s networking data with Microsoft’s productivity tools like Office 365 and Dynamics CRM. This integration aimed to create a more connected and intelligent professional ecosystem, helping users leverage professional relationships and insights in their daily workflows.

In logistics, FedEx and Walmart announced a partnership to create “FedEx Office” locations inside Walmart stores. These centers provided convenient pack-and-ship services to Walmart customers, enhancing Walmart’s customer service offering and providing FedEx with additional access points to consumers, especially in rural or suburban areas.

The entertainment industry has also seen high-profile collaborations, such as the one between Disney and Pixar. Before Disney acquired Pixar in 2006, the two companies had a distribution agreement in which Disney distributed Pixar’s animated films like Toy Story and Finding Nemo. The collaboration was highly successful because Disney provided extensive marketing and distribution networks, while Pixar contributed cutting-edge animation and storytelling expertise. The success of their collaboration eventually led to a merger that strengthened Disney’s animation division significantly.

A more recent collaboration in the tech world involves SpaceX and Microsoft. SpaceX’s Starlink internet service partnered with Microsoft’s Azure cloud platform to provide cloud services in remote and underserved areas. The collaboration aimed to create a seamless integration between space-based internet services and cloud computing infrastructure, addressing connectivity gaps globally.

These examples show that collaborations between companies can be driven by various motives: expanding into new markets, sharing technological expertise, addressing global challenges, improving customer experience, or enhancing brand image. Regardless of the industry, successful collaborations often involve clear alignment of goals, complementary capabilities, mutual trust, and a shared vision of the future.",True,"[{""aliases"": [""Pepsi"", ""PepsiCo""], ""description"": ""American soft drink company"", ""id"": ""Q334800"", ""name"": ""PepsiCo"", ""thumbnail"": ""https://commons.wikimedia.org/wiki/Special:FilePath/PepsiCo_logo.svg?width=200"", ""type"": ""ORG"", ""url"": ""https://en.wikipedia.org/wiki/PepsiCo""}, {""aliases"": [""Starbucks""], ""description"": ""American multinational coffee company"", ""id"": ""Q37158"", ""name"": ""Starbucks"", ""thumbnail"": ""https://commons.wikimedia.org/wiki/Special:FilePath/Starbucks_coffee_wordmark.png?width=200"", ""type"": ""ORG"", ""url"": ""https://en.wikipedia.org/wiki/Starbucks""}, {""aliases"": [""Apple""], ""description"": ""American multinational technology company based in Cupertino, California"", ""id"": ""Q312"", ""name"": ""Apple"", ""thumbnail"": ""https://commons.wikimedia.org/wiki/Special:FilePath/Apple_logo_black.svg?width=200"", ""type"": ""ORG"", ""url"": ""https://en.wikipedia.org/wiki/Apple""}, {""aliases"": [""Adidas"", ""Adidas AG""], ""description"": ""German multinational corporation"", ""id"": ""Q3895"", ""name"": ""Adidas AG"", ""thumbnail"": ""https://commons.wikimedia.org/wiki/Special:FilePath/Adidas_2022_logo.svg?width=200"", ""type"": ""ORG"", ""url"": ""https://en.wikipedia.org/wiki/Adidas""}, {""aliases"": [""IBM""], ""description"": ""American multinational technology corporation"", ""id"": ""Q37156"", ""name"": ""IBM"", ""thumbnail"": ""https://commons.wikimedia.org/wiki/Special:FilePath/IBM_logo.svg?width=200"", ""type"": ""ORG"", ""url"": ""https://en.wikipedia.org/wiki/IBM""}, {""aliases"": [""BMW""], ""description"": ""German automobile manufacturer, and conglomerate"", ""id"": ""Q26678"", ""name"": ""BMW"", ""thumbnail"": ""https://commons.wikimedia.org/wiki/Special:FilePath/BMW_logo_%28gray%29.svg?width=200"", ""type"": ""ORG"", ""url"": ""https://en.wikipedia.org/wiki/BMW""}, {""aliases"": [""Toyota""], ""description"": ""Japanese multinational automotive manufacturer"", ""id"": ""Q53268"", ""name"": ""Toyota"", ""thumbnail"": ""https://commons.wikimedia.org/wiki/Special:FilePath/Registered_trademark_img_06.png?width=200"", ""type"": ""ORG"", ""url"": ""https://en.wikipedia.org/wiki/Toyota""}, {""aliases"": [""BioNTech""], ""description"": ""Biotechnology company from Germany"", ""id"": ""Q30256699"", ""name"": ""BioNTech"", ""thumbnail"": ""https://commons.wikimedia.org/wiki/Special:FilePath/BioNTech_logo.svg?width=200"", ""type"": ""ORG"", ""url"": ""https://en.wikipedia.org/wiki/BioNTech""}, {""aliases"": [""Pfizer""], ""description"": ""American multinational pharmaceutical corporation"", ""id"": ""Q206921"", ""name"": ""Pfizer"", ""thumbnail"": ""https://commons.wikimedia.org/wiki/Special:FilePath/Pfizer_%282021%29.svg?width=200"", ""type"": ""ORG"", ""url"": ""https://en.wikipedia.org/wiki/Pfizer""}, {""aliases"": [""Parley"", ""Parley for the Oceans""], ""description"": ""environmental organization"", ""id"": ""Q107410316"", ""name"": ""Parley for the Oceans"", ""thumbnail"": ""https://commons.wikimedia.org/wiki/Special:FilePath/Parley_for_the_Oceans_logo.png?width=200"", ""type"": ""ORG"", ""url"": ""https://en.wikipedia.org/wiki/Parley_for_the_Oceans""}, {""aliases"": [""Microsoft""], ""description"": ""American multinational technology corporation"", ""id"": ""Q2283"", ""name"": ""Microsoft"", ""thumbnail"": ""https://commons.wikimedia.org/wiki/Special:FilePath/Microsoft_logo_%282012%29.svg?width=200"", ""type"": ""ORG"", ""url"": ""https://en.wikipedia.org/wiki/Microsoft""}, {""aliases"": [""LinkedIn""], ""description"": ""American social networking website for people in professional occupations"", ""id"": ""Q213660"", ""name"": ""LinkedIn"", ""thumbnail"": ""https://commons.wikimedia.org/wiki/Special:FilePath/LinkedIn_Logo.svg?width=200"", ""type"": ""ORG"", ""url"": ""https://en.wikipedia.org/wiki/LinkedIn""}, {""aliases"": [""FedEx""], ""description"": ""American multinational delivery services company"", ""id"": ""Q459477"", ""name"": ""FedEx"", ""thumbnail"": ""https://commons.wikimedia.org/wiki/Special:FilePath/FedEx_Corporation_-_2016_Logo.svg?width=200"", ""type"": ""ORG"", ""url"": ""https://en.wikipedia.org/wiki/FedEx""}, {""aliases"": [""Walmart""], ""description"": ""U.S. discount retailer based in Arkansas"", ""id"": ""Q483551"", ""name"": ""Walmart"", ""thumbnail"": ""https://commons.wikimedia.org/wiki/Special:FilePath/Walmart_logo_%282025%3B_Alt%29.svg?width=200"", ""type"": ""ORG"", ""url"": ""https://en.wikipedia.org/wiki/Walmart""}, {""aliases"": [""Disney"", ""The Walt Disney Company""], ""description"": ""American multinational mass media company"", ""id"": ""Q7414"", ""name"": ""The Walt Disney Company"", ""thumbnail"": ""https://commons.wikimedia.org/wiki/Special:FilePath/The_Walt_Disney_Company_Logo.svg?width=200"", ""type"": ""ORG"", ""url"": ""https://en.wikipedia.org/wiki/The_Walt_Disney_Company""}, {""aliases"": [""Pixar""], ""description"": ""American computer animation studio"", ""id"": ""Q127552"", ""name"": ""Pixar"", ""thumbnail"": ""https://commons.wikimedia.org/wiki/Special:FilePath/Pixar_logo.svg?width=200"", ""type"": ""ORG"", ""url"": ""https://en.wikipedia.org/wiki/Pixar""}, {""aliases"": [""SpaceX""], ""description"": ""American private aerospace company"", ""id"": ""Q193701"", ""name"": ""SpaceX"", ""thumbnail"": ""https://commons.wikimedia.org/wiki/Special:FilePath/SpaceX_logo_black.svg?width=200"", ""type"": ""ORG"", ""url"": ""https://en.wikipedia.org/wiki/SpaceX""}]","[{""from_id"": ""Q193701"", ""to_id"": ""Q2283"", ""type"": ""COLLAB""}, {""from_id"": ""Q7414"", ""to_id"": ""Q127552"", ""type"": ""COLLAB""}, {""from_id"": ""Q459477"", ""to_id"": ""Q483551"", ""type"": ""COLLAB""}, {""from_id"": ""Q334800"", ""to_id"": ""Q37158"", ""type"": ""COLLAB""}, {""from_id"": ""Q3895"", ""to_id"": ""Q107410316"", ""type"": ""COLLAB""}, {""from_id"": ""Q312"", ""to_id"": ""Q37156"", ""type"": ""COLLAB""}, {""from_id"": ""Q26678"", ""to_id"": ""Q53268"", ""type"": ""COLLAB""}, {""from_id"": ""Q30256699"", ""to_id"": ""Q206921"", ""type"": ""COLLAB""}, {""from_id"": ""Q2283"", ""to_id"": ""Q213660"", ""type"": ""COLLAB""}]"
"Collaboration between companies has been a key strategy for innovation, market expansion, and problem-solving across many industries. One notable example is the partnership between Ford and Volkswagen. These two automotive giants have collaborated on multiple projects, including the co-development of electric and autonomous vehicles. Ford agreed to use Volkswagen’s MEB electric vehicle platform to build its own electric models for the European market, significantly cutting development costs and accelerating its entry into the EV market. Volkswagen, in turn, benefits from increased economies of scale for its platform, strengthening its position in the industry-wide shift toward electrification.

Another example comes from the technology sector, where Samsung and Google have collaborated closely on various projects despite being competitors in some areas. For instance, Samsung uses Google’s Android operating system in its smartphones and has worked with Google to optimize Android experiences, such as the integration of Google services into Samsung’s Galaxy devices. Recently, they also collaborated to merge their wearable platforms, combining Samsung’s Tizen and Google’s Wear OS to create a more unified and competitive ecosystem for smartwatches. This move strengthened their position against Apple in the wearable tech market.

In the food and beverage industry, McDonald’s and Coca-Cola have maintained a long-standing partnership that dates back to the 1950s. Coca-Cola has been the exclusive soft drink supplier for McDonald’s, and the two companies collaborate on joint marketing campaigns, product innovations, and market research. This partnership has helped both brands reinforce their global presence and create a consistent customer experience worldwide. The collaboration is so strong that McDonald’s has its own Coca-Cola equipment and syrup delivery system, designed to ensure that the taste of Coca-Cola products is optimized in McDonald’s restaurants.

In the pharmaceutical industry, a prominent collaboration example is the partnership between Merck and AstraZeneca. The two companies joined forces to develop and market cancer treatments, combining Merck’s immunotherapy drug Keytruda with AstraZeneca’s expertise in oncology. Their collaboration focused particularly on treatments for lung and other types of cancers, leveraging their complementary strengths to create combination therapies that were more effective than traditional treatments alone. This partnership has accelerated the development of life-saving therapies and improved treatment options for patients worldwide.

Another case from the fashion and technology sectors is the collaboration between Levi’s and Google. Together, they developed the Jacquard project, which involved creating a smart jacket that integrates touch and gesture interactivity directly into the fabric. This jacket allows users to control their smartphones, navigation, and music simply by touching their sleeves. This innovative collaboration showcased how traditional apparel companies and tech giants can work together to create entirely new categories of products that blend fashion with functionality.

In the world of finance and technology, the collaboration between Apple and Goldman Sachs resulted in the launch of the Apple Card. Apple brought its expertise in user experience design and consumer technology, while Goldman Sachs provided financial backing and regulatory knowledge. The Apple Card was positioned as a user-friendly, transparent credit card product fully integrated into the iPhone ecosystem, offering cash-back rewards and innovative features such as no hidden fees. The partnership allowed Apple to expand further into financial services and helped Goldman Sachs establish a presence in the consumer credit market.

In the entertainment industry, Netflix and Marvel entered a partnership that led to the creation of several highly popular TV series, including Daredevil, Jessica Jones, Luke Cage, and The Punisher. Marvel provided rich storytelling and character universes, while Netflix offered its production and distribution platform to reach a global audience. Although the partnership eventually ended as Disney launched its own streaming service, the collaboration showcased the value of combining strong intellectual property with a powerful distribution network to capture audiences around the world.

In aviation, a significant collaboration took place between Boeing and Lockheed Martin when they formed a joint venture called United Launch Alliance. The goal was to provide reliable and cost-efficient access to space for U.S. government missions. By pooling their resources and expertise, the two aerospace giants were able to secure national security contracts and maintain a strong position in the highly competitive space launch market.

In retail, Target and Ulta Beauty have collaborated to create Ulta Beauty at Target, placing mini Ulta stores inside select Target locations. This partnership allows Target to expand its beauty offerings and attract more foot traffic, while Ulta gains access to Target’s wide customer base and strong physical footprint across the United States. It represents a strategic move for both brands to enhance their market reach and customer engagement in an increasingly competitive retail environment.

These examples demonstrate that collaboration between companies can take many forms, from co-developing new technologies to sharing distribution channels, integrating services, and creating entirely new customer experiences. Successful partnerships are typically built on complementary strengths, aligned strategic goals, and a shared vision of value creation. As industries continue to evolve, especially with the rapid advancement of technology and changing consumer preferences, collaboration will remain an essential strategy for companies seeking to innovate, grow, and stay competitive.",False,"[{""aliases"": [""Ford"", ""Ford Motor Company""], ""description"": ""American multinational automotive company"", ""id"": ""Q44294"", ""name"": ""Ford Motor Company"", ""thumbnail"": ""https://commons.wikimedia.org/wiki/Special:FilePath/Ford_logo_flat.svg?width=200"", ""type"": ""ORG"", ""url"": ""https://en.wikipedia.org/wiki/Ford_Motor_Company""}, {""aliases"": [""Volkswagen"", ""Volkswagen Group""], ""description"": ""German automotive manufacturing conglomerate"", ""id"": ""Q156578"", ""name"": ""Volkswagen Group"", ""thumbnail"": ""https://commons.wikimedia.org/wiki/Special:FilePath/VWAG-Logo.svg?width=200"", ""type"": ""ORG"", ""url"": ""https://en.wikipedia.org/wiki/Volkswagen_Group""}, {""aliases"": [""Apple""], ""description"": ""American multinational technology company based in Cupertino, California"", ""id"": ""Q312"", ""name"": ""Apple"", ""thumbnail"": ""https://commons.wikimedia.org/wiki/Special:FilePath/Apple_logo_black.svg?width=200"", ""type"": ""ORG"", ""url"": ""https://en.wikipedia.org/wiki/Apple""}, {""aliases"": [""Disney"", ""The Walt Disney Company""], ""description"": ""American multinational mass media company"", ""id"": ""Q7414"", ""name"": ""The Walt Disney Company"", ""thumbnail"": ""https://commons.wikimedia.org/wiki/Special:FilePath/The_Walt_Disney_Company_Logo.svg?width=200"", ""type"": ""ORG"", ""url"": ""https://en.wikipedia.org/wiki/The_Walt_Disney_Company""}, {""aliases"": [""Levi Strauss & Co."", ""Levi’s""], ""description"": ""privately held American clothing company"", ""id"": ""Q127962"", ""name"": ""Levi Strauss & Co."", ""thumbnail"": ""https://commons.wikimedia.org/wiki/Special:FilePath/Levi%27s_logo.svg?width=200"", ""type"": ""ORG"", ""url"": ""https://en.wikipedia.org/wiki/Levi_Strauss_%26_Co.""}, {""aliases"": [""Samsung"", ""Samsung Electronics""], ""description"": ""South Korean multinational electronics corporation"", ""id"": ""Q20718"", ""name"": ""Samsung Electronics"", ""thumbnail"": ""https://commons.wikimedia.org/wiki/Special:FilePath/Samsung_wordmark.svg?width=200"", ""type"": ""ORG"", ""url"": ""https://en.wikipedia.org/wiki/Samsung_Electronics""}, {""aliases"": [""Google""], ""description"": ""American multinational technology company, a subsidiary of Alphabet Inc."", ""id"": ""Q95"", ""name"": ""Google"", ""thumbnail"": ""https://commons.wikimedia.org/wiki/Special:FilePath/Google_2015_logo.svg?width=200"", ""type"": ""ORG"", ""url"": ""https://en.wikipedia.org/wiki/Google""}, {""aliases"": [""Target"", ""Target Corporation""], ""description"": ""American retailer and supermarket chain"", ""id"": ""Q1046951"", ""name"": ""Target Corporation"", ""thumbnail"": ""https://commons.wikimedia.org/wiki/Special:FilePath/Target_logo.svg?width=200"", ""type"": ""ORG"", ""url"": ""https://en.wikipedia.org/wiki/Target_Corporation""}, {""aliases"": [""Ulta"", ""Ulta Beauty""], ""description"": ""American chain of beauty stores"", ""id"": ""Q7880076"", ""name"": ""Ulta Beauty"", ""thumbnail"": ""https://commons.wikimedia.org/wiki/Special:FilePath/Ulta_Beauty_logo.svg?width=200"", ""type"": ""ORG"", ""url"": ""https://en.wikipedia.org/wiki/Ulta_Beauty""}]","[{""from_id"": ""Q95"", ""to_id"": ""Q20718"", ""type"": ""COLLAB""}, {""from_id"": ""Q44294"", ""to_id"": ""Q156578"", ""type"": ""COLLAB""}]"
"Company collaborations have been a driving force behind some of the most successful innovations and market expansions in modern business history. One remarkable example is the partnership between Red Bull and GoPro. These two brands, both associated with extreme sports and adventurous lifestyles, teamed up to cross-promote their products. GoPro became Red Bull’s exclusive provider of point-of-view imaging technology, while Red Bull helped promote GoPro’s cameras through its vast network of events and athletes. This partnership allowed both companies to reinforce their brand identities and reach wider audiences without direct competition, leveraging each other's strengths in marketing and consumer engagement.

Another notable example is the collaboration between NASA and SpaceX. Historically, NASA relied on its own spacecraft and engineering to send astronauts into space. However, with changing budgets and a push towards privatization, NASA partnered with SpaceX to transport astronauts to the International Space Station. This collaboration combined NASA’s experience in space exploration with SpaceX’s innovative approach to rocket design and cost reduction. The partnership culminated in successful manned missions, significantly reducing launch costs and heralding a new era of public-private partnerships in space travel.

In the technology sector, an important collaboration has been seen between Microsoft and SAP. The two companies, once competitors in enterprise software, joined forces to offer SAP’s cloud-based software solutions on Microsoft Azure. This collaboration made it easier for enterprise clients to use SAP’s business applications while benefiting from Azure’s cloud infrastructure. Both companies expanded their reach in the enterprise sector by offering integrated solutions, showing that even fierce competitors can find common ground to serve mutual customer interests.

In the pharmaceutical world, the partnership between GlaxoSmithKline and CureVac stands out. They collaborated to develop next-generation mRNA vaccines for infectious diseases beyond COVID-19. GSK brought its expertise in vaccine development and large-scale manufacturing, while CureVac contributed its pioneering research in mRNA technology. This collaboration was designed to accelerate the development of new vaccines by combining scientific research capabilities and manufacturing know-how.

The automotive industry also offers strong examples of collaboration. Honda and General Motors entered a strategic partnership to co-develop next-generation electric vehicles using GM’s Ultium battery technology. Both companies agreed to share vehicle platforms and leverage economies of scale to reduce the costs of EV production. The collaboration helps both automakers meet global demand for electric vehicles while maintaining their distinct brand identities and marketing strategies.

In consumer electronics, Sony and Ericsson formed a joint venture called Sony Ericsson, combining Sony’s expertise in consumer electronics with Ericsson’s leadership in telecommunications. The partnership produced several successful mobile phones in the early 2000s and helped both companies strengthen their position in the rapidly growing mobile phone market. Although the venture eventually ended with Sony buying out Ericsson’s stake, the collaboration played a crucial role in bridging the gap between communications and multimedia technologies during a pivotal period.

In the entertainment sector, a landmark collaboration occurred between HBO and Starbucks for the “The Game of Thrones” Season 8 launch. Starbucks beverages were strategically placed in several marketing campaigns, and even an accidental appearance of a Starbucks-like coffee cup in an episode generated enormous media buzz. While not a formal planned product placement, the event resulted in immense brand exposure for Starbucks and highlighted the unexpected benefits of collaborations, whether planned or serendipitous.

Another strong collaboration example comes from the retail sector, where Amazon and Whole Foods Market worked together after Amazon acquired Whole Foods. This move allowed Amazon to gain a physical retail presence, while Whole Foods benefited from Amazon’s logistical capabilities and technological integration. Initiatives such as discounts for Amazon Prime members and expanded delivery options transformed the grocery shopping experience and demonstrated how digital and physical retail can merge through strategic collaboration.

In the luxury fashion world, Louis Vuitton and Supreme collaborated on a limited-edition collection that combined high fashion with streetwear culture. This collaboration attracted a wide range of consumers from both luxury and urban fashion markets, leading to sold-out collections and massive media coverage. The success showed how brands with different heritages can create cultural phenomena when they align their aesthetics and target audiences.

In biotechnology, Moderna collaborated with Lonza to scale up production of its COVID-19 vaccine. Moderna, a biotech company focused on mRNA technology, needed manufacturing partners to meet global vaccine demand. Lonza provided the facilities and expertise to manufacture large quantities of the vaccine’s key components, accelerating Moderna’s ability to distribute vaccines worldwide and demonstrating the critical role of operational collaborations in addressing urgent global challenges.

These examples reveal that successful collaborations can take many different forms, including co-development, joint ventures, marketing alliances, operational partnerships, and public-private partnerships. Companies choose to collaborate when they recognize complementary strengths, shared goals, and opportunities to create value that neither party could achieve alone. As industries continue to evolve and new technologies emerge, cross-sector and cross-industry collaborations are likely to become even more common, shaping the future of innovation and business strategy.",False,[],[]
"Collaborations between companies are essential drivers of innovation, growth, and market transformation. One well-known example is the partnership between Nike and Apple. In 2006, the two companies collaborated to create the Nike+iPod Sports Kit, a device that allowed users to track their running data through a sensor placed in their shoe, syncing with their iPod. This partnership combined Nike’s expertise in athletic apparel and equipment with Apple’s technological innovation, creating a new type of fitness tracking experience that paved the way for the now booming wearable tech industry.

Another significant collaboration took place between Renault, Nissan, and Mitsubishi, forming a strategic alliance to cooperate on research and development, manufacturing, and market expansion. By pooling their resources and technology, the alliance was able to achieve economies of scale, share electric vehicle platforms, and enter emerging markets more efficiently. This collaboration has helped all three companies maintain competitiveness in a rapidly changing automotive landscape, particularly as the demand for electric vehicles has increased.

In the entertainment industry, Spotify and Hulu partnered to offer bundled subscription services. Recognizing that their user bases overlapped significantly, they offered joint packages at discounted rates to attract and retain customers. This collaboration allowed both companies to increase their subscriber numbers while giving customers a more comprehensive entertainment offering at a better value.

Another strong example is the collaboration between BMW and Intel, alongside Mobileye, to develop autonomous vehicle technology. BMW contributed its automotive design and production expertise, Intel provided high-performance computing power, and Mobileye brought its knowledge in computer vision and machine learning. Together, they aimed to accelerate the development of self-driving cars, demonstrating how companies from different industries can combine their strengths to tackle complex technological challenges.

In the food and beverage sector, Taco Bell and Doritos teamed up to create the Doritos Locos Tacos, a product that became one of Taco Bell’s most successful menu items. Frito-Lay, a subsidiary of PepsiCo and the maker of Doritos, worked with Taco Bell to develop a taco shell made entirely from Doritos chips. This collaboration resulted in over a billion units sold within the first year and highlighted the power of combining two beloved brands to create a novel product that captured consumer interest.

In the financial sector, PayPal and Mastercard entered a strategic partnership to make it easier for PayPal users to cash out to their Mastercard-branded debit cards and use their PayPal accounts in physical retail locations. The collaboration improved user experience for PayPal customers and expanded Mastercard’s role in digital payments, strengthening both companies’ positions in the competitive payments ecosystem.

Another compelling example is the collaboration between Netflix and T-Mobile. T-Mobile offered Netflix subscriptions bundled into its mobile plans, providing additional value to its customers while helping Netflix expand its subscriber base. This partnership was mutually beneficial as T-Mobile attracted more customers with the added perk, and Netflix enjoyed increased exposure and market penetration without significant direct marketing costs.

In the travel and hospitality industry, Marriott International and IKEA’s parent company, Inter IKEA Systems, collaborated to create Moxy Hotels, a new brand targeting millennials. Moxy Hotels offer stylish, affordable accommodations with a focus on social spaces and tech-savvy amenities. This collaboration allowed Marriott to tap into a younger demographic and allowed IKEA to extend its brand into the hospitality sector through its design expertise.

In the energy sector, Shell and Microsoft partnered to drive digital transformation across Shell’s operations. Shell uses Microsoft’s Azure cloud computing services to improve efficiency, safety, and sustainability. By leveraging Microsoft’s artificial intelligence and machine learning capabilities, Shell has been able to optimize maintenance schedules, monitor energy use, and reduce environmental impact, demonstrating how traditional industries can benefit from tech partnerships.

Another example from the retail world is the collaboration between Target and Disney. Target opened Disney stores within select Target locations, allowing customers to shop for Disney merchandise while doing their regular shopping. For Disney, this partnership expanded its retail footprint outside of its own stores and theme parks, while Target benefited from the strong appeal of the Disney brand, attracting more families to its stores.

In technology and automotive sectors, Tesla and Panasonic have collaborated extensively, particularly in the development and production of battery cells. Panasonic supplies Tesla with high-capacity lithium-ion batteries used in Tesla’s electric vehicles and energy storage systems. This partnership has been crucial for Tesla’s ability to scale up production and for Panasonic’s expansion into the electric vehicle supply chain.

These examples demonstrate the variety of ways companies collaborate, whether through joint ventures, co-branding initiatives, product development partnerships, or strategic alliances. Successful collaborations often hinge on complementary strengths, aligned strategic goals, and a shared commitment to delivering value to customers. As industries continue to evolve rapidly, the ability to form and manage effective partnerships will remain a critical skill for businesses looking to innovate and grow.",False,[],[]
"Collaborations between companies have often led to groundbreaking innovations, market expansions, and stronger competitive positions. One notable example is the alliance between Toyota and Subaru. These two automotive companies joined forces to develop the Toyota 86 and Subaru BRZ sports cars. By sharing development costs and combining Toyota’s strength in mass production with Subaru’s expertise in all-wheel-drive and boxer engine technologies, both companies created vehicles that appealed to enthusiasts while remaining affordable. This collaboration allowed each brand to maintain its distinct identity while benefiting from the shared engineering foundation.

Another important collaboration happened between Uber and Spotify. By integrating Spotify’s music streaming service into the Uber app, passengers could control the music during their ride. This partnership enhanced the customer experience for Uber users while giving Spotify increased exposure and user engagement. Both companies benefited from reinforcing their brand images around customization and user control, showing how collaboration can improve service offerings without companies directly competing with one another.

In the tech world, IBM and Apple formed a surprising collaboration in 2014. Traditionally seen as rivals, the two companies worked together to develop business applications for iOS devices, combining IBM’s expertise in big data and enterprise software with Apple’s intuitive user experience and hardware. The goal was to bring more iPhones and iPads into corporate environments, with IBM offering customized solutions for various industries such as retail, healthcare, and banking. This collaboration demonstrated how former competitors could unite their strengths to open new market opportunities.

In the consumer goods sector, the partnership between Nestlé and Starbucks is a prime example. Nestlé agreed to pay Starbucks over $7 billion for the rights to sell Starbucks-branded coffee and tea products around the world outside Starbucks cafes. This allowed Starbucks to expand its presence in grocery stores and Nestlé to strengthen its coffee portfolio by associating with one of the most recognizable names in coffee. Both companies gained access to new channels and customers, achieving synergies that would have been harder to realize independently.

An example from the fashion industry is the collaboration between H&M and high-end designers like Karl Lagerfeld, Versace, and Balmain. H&M’s collaborations with luxury fashion houses allowed it to offer limited-edition collections at accessible prices, creating massive consumer excitement and media buzz. For the luxury brands, it provided a way to reach a broader audience and refresh their brand image without diluting their core business. These partnerships often led to products selling out within hours, showing the power of strategic brand collaborations.

In the telecommunications sector, Nokia and Siemens formed a joint venture called Nokia Siemens Networks to strengthen their positions in telecommunications infrastructure. By combining resources, the two companies aimed to better compete against larger rivals like Ericsson. The collaboration allowed them to pool research and development efforts, improve cost efficiencies, and offer a broader range of products and services to their customers worldwide.

Another significant example is the partnership between Coca-Cola and Heinz to develop more sustainable packaging. Coca-Cola shared its PlantBottle technology, a partially plant-based plastic, with Heinz, allowing Heinz to create more environmentally friendly ketchup bottles. This collaboration benefited both companies by advancing their sustainability initiatives and demonstrating leadership in environmental responsibility, which resonated positively with increasingly eco-conscious consumers.

In the entertainment and gaming industries, the collaboration between Fortnite creator Epic Games and Marvel created massive crossover events. Characters from the Marvel Universe, such as Iron Man and Thor, appeared in Fortnite, creating excitement among both gaming and comic book fans. The collaboration helped Epic Games maintain player engagement and brought Marvel’s brand into an interactive format, reaching new audiences and further solidifying its cultural presence.

In the energy sector, BP and Tesla collaborated to install Tesla’s battery storage systems at BP’s wind farms. By integrating Tesla’s technology, BP was able to store excess wind energy and release it when demand was high, improving the efficiency and profitability of its renewable energy operations. This partnership highlights how traditional energy companies are working with technology innovators to adapt to the changing energy landscape.

In retail, Kohl’s partnered with Amazon to accept Amazon returns in its stores. This collaboration brought additional foot traffic into Kohl’s locations, with many customers making purchases while visiting. For Amazon, it offered a convenient return option that enhanced customer satisfaction. The partnership created a win-win situation, as Kohl’s gained a new competitive edge in an evolving retail environment, and Amazon improved its logistics and customer service network.

These examples show that company collaborations are often about leveraging complementary strengths, accessing new markets, sharing risks, and co-developing innovations. Whether through joint ventures, strategic alliances, or product integrations, partnerships between companies have consistently proven to be a powerful tool for achieving goals that would be much more difficult or even impossible to accomplish alone. As industries continue to face rapid technological changes and global competition, collaborations are expected to remain a central strategy for companies seeking long-term success.",False,[],[]
"There is something profoundly unconventional about falling in love with beans. To most, beans are humble, ordinary, an everyday staple tucked away in the back of kitchen cupboards. Yet for those who truly see them, beans are a quiet marvel of the world, a testament to resilience, nourishment, and simple beauty. It starts perhaps with a casual encounter, a bowl of lentil soup on a cold evening, a handful of roasted chickpeas during a walk in the park. At first, it feels unremarkable, a background note in the symphony of life. But slowly, a seed is planted, and with it grows an affection that cannot quite be explained by mere utility or flavor.

Beans are not just food. They are history, culture, survival. They have crossed oceans with explorers and refugees, sprouted in fields through drought and war, carried the hopes of families across generations. Each variety—black beans, kidney beans, adzuki, pinto, fava—carries its own lineage, a story written in soil and sun. Loving beans is loving the quiet dignity of sustenance, the ability to endure and thrive without fanfare. It is admiring how something so small can hold the weight of nourishment, how something so unassuming can give so much.

An unconventional love for beans might manifest in strange ways. You start lingering longer in the dry goods aisle, running your hands through sacks of heirloom varieties, marveling at their colors like an art collector surveying rare gems. You find yourself researching ancient farming techniques, learning how indigenous peoples once cultivated beans alongside corn and squash in a harmonious dance called the Three Sisters. You experiment at home, soaking and simmering, discovering that each type has its own texture, its own language of softness or firmness, its own delicate timing.

Soon, beans become more than an ingredient. They are companions, constants, living symbols of patience and care. You notice how they transform slowly, over hours, how they ask nothing more than time and attention. In a world obsessed with speed and spectacle, beans invite slowness, a return to a pace where miracles can be observed in the quiet simmer of a pot on the stove. This kind of love is not flashy, not the stuff of poetry or film, but it is steady and profound.

Loving beans also means embracing their flaws, their stubbornness, their unpredictability. Some days they split open before you expect. Some days they remain stubbornly tough no matter how long you cook them. But just like with any deep affection, you accept these imperfections because they are part of the whole. They teach you patience, flexibility, humility. You begin to see them not just as sustenance but as teachers.

This unconventional love can spill over into other areas of life. You might find yourself supporting local farmers who grow heritage beans, or planting your own small garden patch, waiting in quiet anticipation as the first tender shoots break through the earth. You might advocate for food security and biodiversity, realizing that beans are a key to sustainable agriculture, that their ability to fix nitrogen into the soil could help heal the very land itself.

Over time, your love for beans becomes something that outsiders may find odd, even amusing. They might not understand why you rave about the creamy texture of a perfectly cooked cannellini or the deep, earthy aroma of freshly sprouted mung beans. They might chuckle when you speak with awe about a tiny black turtle bean, as if it were a rare jewel. But you know. You know that within those modest legumes lies a world, an invitation to a richer, slower, more grounded way of living.

It is a love that asks for little and gives endlessly. It is a love rooted not in extravagance but in reverence. And perhaps that is the most enduring love of all—the kind that grows quietly, steadfastly, below the surface, like the roots of the very bean plants themselves, anchoring you more deeply to the earth and to the miracle of everyday life.",False,[],[]
"Adidas, one of the world’s leading sportswear brands, has built a strong reputation not just through its own designs but through strategic collaborations with a wide variety of companies across industries. These partnerships have allowed Adidas to expand its audience, blend expertise across sectors, and drive innovation in both product and brand perception.

One significant collaboration is between Adidas and Parley for the Oceans. Parley is an environmental organization focused on combating marine plastic pollution. Their partnership has been ongoing since around 2015, with Adidas creating shoes and apparel made from recycled ocean plastic. This collaboration has helped position Adidas as a leader in sustainable fashion practices, and it continues to grow in importance as sustainability becomes a priority for many consumers.

Another major corporate collaboration was between Adidas and Lego. Announced in 2020, the Adidas x Lego partnership brought colorful, playful designs to both shoes and clothing, blending the creativity and nostalgia associated with Lego with the performance focus of Adidas products. The partnership spanned multiple product lines, including versions of Adidas' iconic Ultraboost sneakers redesigned with Lego-inspired elements. This collaboration helped Adidas engage not only young customers but also adults who have a fondness for the Lego brand.

Adidas also entered a significant partnership with Peloton, the interactive fitness platform. Launched in 2021, the Adidas x Peloton collection was created with the goal of offering stylish, functional activewear tailored to the needs of Peloton’s dedicated fitness community. This collaboration reflected the rising importance of at-home fitness and the growing demand for high-quality athleisure wear.

The collaboration between Adidas and Allbirds is another notable example. Allbirds, known for its eco-friendly footwear, partnered with Adidas to develop a high-performance running shoe with a drastically reduced carbon footprint. Launched in 2021, the Futurecraft.Footprint project combined Adidas’ performance expertise with Allbirds’ sustainability innovations. The result was a product that demonstrated that performance and sustainability could coexist without compromise.

In the gaming industry, Adidas partnered with Microsoft to create limited-edition Xbox-themed sneakers to celebrate the 20th anniversary of Xbox in 2021. The shoes featured designs inspired by various Xbox consoles, appealing to gaming enthusiasts and sneaker collectors alike. This collaboration showcased Adidas’ ability to tap into cultural moments and niche communities outside traditional sports.

Adidas also joined forces with Prada, although Prada is primarily a luxury fashion house and not a company usually associated with sportswear. Nonetheless, their collaboration, known as Adidas x Prada, focused on high-end reinterpretations of classic Adidas sneakers like the Superstar. Later releases expanded to include performance gear such as a line of sustainable soccer cleats. Although Prada is a luxury brand rather than a corporate giant like Microsoft or Peloton, their partnership was managed at the company level and is notable because it bridged the worlds of luxury fashion and sportswear.

Adidas' collaboration with Transport for London (TfL) is another intriguing example. They launched several special editions of Adidas sneakers inspired by London’s iconic transport system. Shoes incorporated design elements referencing the Underground, buses, and other TfL features. These collaborations served not only to celebrate London’s culture but also to solidify Adidas' deep roots in urban streetwear culture.

In a more technology-driven partnership, Adidas worked with Carbon, a digital manufacturing company specializing in 3D printing. This collaboration resulted in the Adidas 4D line, featuring midsoles created through a process called Digital Light Synthesis. This innovation allowed Adidas to produce highly tuned cushioning properties previously unattainable with traditional manufacturing methods, significantly advancing their technological edge in footwear.

Additionally, Adidas teamed up with National Geographic to launch a line of outdoor and athletic wear inspired by the exploration spirit associated with the magazine. Featuring bold graphics and environmentally friendly materials, the Adidas x National Geographic collection celebrated nature, exploration, and education, appealing to both adventure enthusiasts and environmentally conscious consumers.

Throughout its history, Adidas has shown an impressive ability to partner with a diverse range of companies. These collaborations have helped the brand stay relevant across fashion, technology, sustainability, entertainment, and sports. They illustrate Adidas' strategic vision of building a brand that is not just about performance apparel but also about culture, innovation, and community engagement.",False,[],[]
"Lego, the iconic Danish toy company known for its colorful interlocking plastic bricks, has expanded its influence far beyond traditional toys through a wide variety of collaborations with other companies. These partnerships have allowed Lego to reach new audiences, experiment with innovative product lines, and reinforce its brand as a symbol of creativity and imagination across industries.

One of Lego’s most high-profile collaborations has been with Nintendo. Announced in 2020, the Lego x Nintendo partnership introduced the Lego Super Mario line, a unique interactive building experience that blends digital gaming and physical play. Unlike traditional Lego sets, Lego Super Mario includes an interactive Mario figure that collects coins and reacts to movements and special bricks, bringing levels from the video game to life. Later expansions included Luigi and Peach, further developing the Lego x Nintendo universe. This partnership has been instrumental in helping Lego tap into the gaming community and families looking for new forms of interactive play.

Lego has also partnered with Ikea, the Swedish furniture giant, to create the Bygglek collection. Released in 2020, Bygglek combined storage solutions with creative play. The line included specially designed boxes that serve both as Lego storage containers and as buildable play surfaces. This collaboration reflected a shared vision between the two companies about integrating creativity into everyday living spaces, appealing to both children and adults.

In the entertainment sector, Lego collaborated with Warner Bros. to produce The Lego Movie franchise, which began with the highly successful The Lego Movie in 2014. This partnership led to a series of films, including The Lego Batman Movie and The Lego Ninjago Movie, and expanded into merchandise, special sets, and even video games. Warner Bros. and Lego effectively created an entire narrative universe that reinforced the Lego brand while delivering critically acclaimed and commercially successful media content.

Another key collaboration was with Universal Music Group, resulting in the Lego VIDIYO project launched in 2021. VIDIYO combined music, augmented reality, and Lego building elements to allow children to create their own music videos featuring digital minifigures. Although the product line was discontinued relatively quickly, it demonstrated Lego's commitment to exploring digital and creative frontiers beyond traditional brick building.

Lego has also partnered with Adidas to release a line of Lego-themed sneakers and apparel. This partnership, beginning in 2020, included colorful designs that drew inspiration from Lego’s distinctive aesthetic, including the use of brick textures and primary colors. Shoes like the Adidas Ultraboost DNA x Lego Plates allowed wearers to actually attach Lego bricks to parts of the shoe, merging fashion with playfulness. This collaboration helped Lego expand its reach into the streetwear and sneakerhead communities.

In the world of automotive design, Lego has ongoing partnerships with several major car companies, including Ferrari, Porsche, Bugatti, and Lamborghini. Through the Lego Technic line, Lego produces highly detailed and functional models of luxury sports cars and racing vehicles. These collaborations, such as the Lego Technic Bugatti Chiron or the Lamborghini Sián FKP 37, are complex, often consisting of thousands of pieces, and are targeted at older builders and car enthusiasts, showcasing Lego's ability to engage audiences far beyond young children.

Another interesting corporate collaboration is between Lego and Levi’s. The Lego x Levi’s collection, launched in 2020, featured customizable denim pieces with Lego’s signature flexible baseplates integrated into the garments, allowing wearers to decorate their clothes with Lego bricks. This unique merger of fashion and creativity emphasized personal expression and DIY customization.

Additionally, Lego partnered with Fiat to produce the Lego Creator Expert Fiat 500 set, a highly detailed model aimed at adult fans of Lego (AFOLs). Through partnerships like this, Lego has continued to reinforce its appeal to adult builders, who represent an increasingly important segment of its customer base.

In the tech space, Lego partnered with Apple to bring Lego AR experiences to iOS devices through ARKit. The Lego AR Playgrounds app allowed users to interact with virtual Lego creations overlaid on the real world, promoting a hybrid model of physical and digital play. This collaboration was part of a broader trend within Lego to explore new technologies that enhance the building experience.

Lego also collaborated with Adidas’ competitor Puma to create Lego-themed sneakers, albeit on a smaller scale compared to its Adidas collaboration. This partnership, although more limited, demonstrated Lego’s flexibility in working with multiple fashion brands simultaneously to expand its presence in lifestyle markets.

Throughout its history, Lego has demonstrated a remarkable ability to collaborate across diverse industries, from entertainment and fashion to automotive and technology. These partnerships have helped Lego stay culturally relevant, explore new forms of creativity, and continuously expand the definition of what it means to play. By aligning itself with strong, complementary brands, Lego has evolved from a toy manufacturer into a multifaceted global brand deeply embedded in popular culture.",True,"[{""aliases"": [""Puma""], ""description"": ""German multinational corporation"", ""id"": ""Q157064"", ""name"": ""Puma"", ""thumbnail"": ""https://commons.wikimedia.org/wiki/Special:FilePath/Puma-logo-%28text%29.svg?width=200"", ""type"": ""ORG"", ""url"": ""https://en.wikipedia.org/wiki/Puma""}, {""aliases"": [""Levi Strauss & Co."", ""Levi’s""], ""description"": ""privately held American clothing company"", ""id"": ""Q127962"", ""name"": ""Levi Strauss & Co."", ""thumbnail"": ""https://commons.wikimedia.org/wiki/Special:FilePath/Levi%27s_logo.svg?width=200"", ""type"": ""ORG"", ""url"": ""https://en.wikipedia.org/wiki/Levi_Strauss_%26_Co.""}, {""aliases"": [""Lego"", ""The Lego Group""], ""description"": ""Danish toy manufacturer best known for interlocking-brick construction toys"", ""id"": ""Q1063455"", ""name"": ""The Lego Group"", ""thumbnail"": ""https://commons.wikimedia.org/wiki/Special:FilePath/LEGO_logo.svg?width=200"", ""type"": ""ORG"", ""url"": ""https://en.wikipedia.org/wiki/The_Lego_Group""}, {""aliases"": [""Nintendo""], ""description"": ""Japanese multinational video game and consumer electronics company"", ""id"": ""Q8093"", ""name"": ""Nintendo"", ""thumbnail"": ""https://commons.wikimedia.org/wiki/Special:FilePath/Nintendo.svg?width=200"", ""type"": ""ORG"", ""url"": ""https://en.wikipedia.org/wiki/Nintendo""}, {""aliases"": [""IKEA"", ""Ikea""], ""description"": ""international furniture store chain"", ""id"": ""Q54078"", ""name"": ""IKEA"", ""thumbnail"": ""https://commons.wikimedia.org/wiki/Special:FilePath/Ikea_logo.svg?width=200"", ""type"": ""ORG"", ""url"": ""https://en.wikipedia.org/wiki/IKEA""}, {""aliases"": [""Warner Bros.""], ""description"": ""American entertainment company"", ""id"": ""Q126399"", ""name"": ""Warner Bros."", ""thumbnail"": ""https://commons.wikimedia.org/wiki/Special:FilePath/Warner_Bros._%282019%29_logo.svg?width=200"", ""type"": ""ORG"", ""url"": ""https://en.wikipedia.org/wiki/Warner_Bros.""}, {""aliases"": [""Universal Music Group""], ""description"": ""Dutch–American music corporation"", ""id"": ""Q38903"", ""name"": ""Universal Music Group"", ""thumbnail"": ""https://commons.wikimedia.org/wiki/Special:FilePath/Universal_Music_Group_logo.svg?width=200"", ""type"": ""ORG"", ""url"": ""https://en.wikipedia.org/wiki/Universal_Music_Group""}, {""aliases"": [""Adidas"", ""Adidas AG""], ""description"": ""German multinational corporation"", ""id"": ""Q3895"", ""name"": ""Adidas AG"", ""thumbnail"": ""https://commons.wikimedia.org/wiki/Special:FilePath/Adidas_2022_logo.svg?width=200"", ""type"": ""ORG"", ""url"": ""https://en.wikipedia.org/wiki/Adidas""}, {""aliases"": [""Ferrari""], ""description"": ""family name"", ""id"": ""Q1407594"", ""name"": ""Ferrari"", ""thumbnail"": ""https://upload.wikimedia.org/wikipedia/en/thumb/3/36/Prancing_horse.svg/320px-Prancing_horse.svg.png"", ""type"": ""ORG"", ""url"": ""https://en.wikipedia.org/wiki/Ferrari""}, {""aliases"": [""Porsche""], ""description"": ""German automobile manufacturer specializing in high-performance sports cars, SUVs and sedans, owned by Volkswagen AG"", ""id"": ""Q40993"", ""name"": ""Porsche"", ""thumbnail"": ""https://commons.wikimedia.org/wiki/Special:FilePath/Porsche_Schriftzug.svg?width=200"", ""type"": ""ORG"", ""url"": ""https://en.wikipedia.org/wiki/Porsche""}, {""aliases"": [""Bugatti""], ""description"": ""former German and French automaker"", ""id"": ""Q27401"", ""name"": ""Bugatti"", ""thumbnail"": ""https://commons.wikimedia.org/wiki/Special:FilePath/Bugatti_Logo.png?width=200"", ""type"": ""ORG"", ""url"": ""https://en.wikipedia.org/wiki/Bugatti""}, {""aliases"": [""Lamborghini""], ""description"": ""Italian car manufacturer"", ""id"": ""Q35886"", ""name"": ""Lamborghini"", ""thumbnail"": ""https://commons.wikimedia.org/wiki/Special:FilePath/Lamborghini_-_logo_wordmark%2Bpayoff_%28Italy%2C_1963-%29.svg?width=200"", ""type"": ""ORG"", ""url"": ""https://en.wikipedia.org/wiki/Lamborghini""}, {""aliases"": [""Fiat""], ""description"": ""automotive and aircraft brand manufacturing subsidiary of FCA Italy"", ""id"": ""Q27597"", ""name"": ""Fiat"", ""thumbnail"": ""https://commons.wikimedia.org/wiki/Special:FilePath/FIAT_logo_coloured.svg?width=200"", ""type"": ""ORG"", ""url"": ""https://en.wikipedia.org/wiki/Fiat""}, {""aliases"": [""Apple""], ""description"": ""American multinational technology company based in Cupertino, California"", ""id"": ""Q312"", ""name"": ""Apple"", ""thumbnail"": ""https://commons.wikimedia.org/wiki/Special:FilePath/Apple_logo_black.svg?width=200"", ""type"": ""ORG"", ""url"": ""https://en.wikipedia.org/wiki/Apple""}]","[{""from_id"": ""Q1063455"", ""to_id"": ""Q27597"", ""type"": ""COLLAB""}, {""from_id"": ""Q1063455"", ""to_id"": ""Q126399"", ""type"": ""COLLAB""}, {""from_id"": ""Q1063455"", ""to_id"": ""Q1407594"", ""type"": ""COLLAB""}, {""from_id"": ""Q1063455"", ""to_id"": ""Q54078"", ""type"": ""COLLAB""}, {""from_id"": ""Q1063455"", ""to_id"": ""Q127962"", ""type"": ""COLLAB""}, {""from_id"": ""Q1063455"", ""to_id"": ""Q40993"", ""type"": ""COLLAB""}, {""from_id"": ""Q1063455"", ""to_id"": ""Q35886"", ""type"": ""COLLAB""}, {""from_id"": ""Q1063455"", ""to_id"": ""Q3895"", ""type"": ""COLLAB""}, {""from_id"": ""Q1063455"", ""to_id"": ""Q38903"", ""type"": ""COLLAB""}, {""from_id"": ""Q1063455"", ""to_id"": ""Q8093"", ""type"": ""COLLAB""}, {""from_id"": ""Q1063455"", ""to_id"": ""Q27401"", ""type"": ""COLLAB""}, {""from_id"": ""Q1063455"", ""to_id"": ""Q157064"", ""type"": ""COLLAB""}, {""from_id"": ""Q1063455"", ""to_id"": ""Q312"", ""type"": ""COLLAB""}]"
"Nintendo, the Japanese video game giant renowned for its creativity and innovation, has engaged in numerous collaborations with other companies over the years. These partnerships have allowed Nintendo to expand its reach beyond traditional gaming, introduce its characters to new audiences, and experiment with hardware, merchandise, and entertainment in ways that reinforce its unique brand identity.

One major collaboration has been with Lego. In 2020, Nintendo and Lego announced the Lego Super Mario line, a groundbreaking partnership that combined physical building with digital gameplay. Unlike traditional static Lego sets, Lego Super Mario involved an interactive Mario figure equipped with sensors and displays, enabling players to navigate real-world Lego courses that mimic the dynamics of a video game. The partnership expanded to include Luigi and Peach, offering multiplayer options and constantly introducing new expansion sets. This collaboration bridged the gap between physical and digital play, attracting families and older fans alike.

Another important partnership is Nintendo’s long-standing collaboration with Niantic, the American company best known for Pokémon GO. While Pokémon GO, launched in 2016, was developed by Niantic, The Pokémon Company, and Nintendo jointly, Nintendo later deepened its relationship with Niantic through new projects like Pikmin Bloom, released in 2021. These games utilize Niantic’s AR and location-based technology, allowing Nintendo to bring its intellectual properties into the real world in interactive ways. These collaborations expanded Nintendo’s influence beyond console gaming into mobile gaming and augmented reality experiences.

Nintendo has also worked extensively with Universal Parks & Resorts. This partnership led to the creation of Super Nintendo World, the first of which opened at Universal Studios Japan in 2021. The theme park features real-world recreations of Nintendo environments, complete with interactive rides, games, and themed food. Additional Super Nintendo Worlds are planned for Universal parks in Hollywood, Orlando, and Singapore. This collaboration marks one of Nintendo’s biggest expansions into physical entertainment spaces, making its worlds tangible for fans.

Another noteworthy collaboration is with Nvidia. For the Nintendo Switch, Nintendo partnered with Nvidia to use the Tegra X1 chip, a move that diverged from the traditional approach of developing proprietary hardware internally. This decision enabled Nintendo to deliver a versatile hybrid console with strong graphics performance and energy efficiency. The Nvidia collaboration not only powered the success of the Switch but also laid the foundation for future potential hardware updates and cloud gaming projects.

Nintendo has also partnered with DeNA, a major Japanese mobile developer, to bring its characters and games to mobile platforms. Starting in 2015, this collaboration resulted in several mobile titles, including Super Mario Run, Fire Emblem Heroes, Animal Crossing: Pocket Camp, and Mario Kart Tour. Although Nintendo entered mobile gaming cautiously, its partnership with DeNA enabled it to reach millions of players worldwide who might not own a Nintendo console.

In the realm of fashion and lifestyle, Nintendo has worked with luxury brands like Levi’s. In 2020, Levi’s and Nintendo launched a special collection featuring characters and motifs from the Super Mario universe, incorporating them into jeans, jackets, shirts, and accessories. This collection blended nostalgia and fashion, allowing fans to wear their love for Nintendo’s characters in everyday life.

Nintendo’s collaboration with Puma further extended its reach into fashion. In 2020, they released a line of Super Mario-themed sneakers, with designs inspired by classic games like Super Mario 64, Super Mario Sunshine, and Super Mario Galaxy. This partnership combined Puma’s streetwear credibility with Nintendo’s cultural iconography, creating high-demand collectibles among both gamers and sneakerheads.

In the entertainment industry, Nintendo partnered with Illumination, the studio behind Despicable Me and Minions, to produce The Super Mario Bros. Movie, released in 2023. This collaboration allowed Nintendo to bring its beloved characters to the big screen in a major animated feature, reinforcing the company’s presence in broader entertainment markets beyond games. Following the film’s massive commercial success, Nintendo announced plans to explore further animated projects.

Nintendo also collaborated with Mercedes-Benz in an unexpected but memorable partnership. In 2014, special Mercedes-Benz-themed vehicles were added as downloadable content in Mario Kart 8. This quirky collaboration showcased Nintendo’s playful brand image while allowing a luxury car company to market itself to a younger audience in a fun, nontraditional way.

Additionally, Nintendo worked with Amazon to create limited-edition bundles and exclusive offers for games and consoles. While less flashy than theme park or movie collaborations, these retail partnerships helped Nintendo strategically place its products in front of key demographics and increase sales during major product launches.

Throughout its history, Nintendo has been selective and strategic about its corporate collaborations. Each partnership—whether in gaming, fashion, entertainment, or technology—has served to expand Nintendo’s reach without diluting its carefully cultivated brand image. By working with companies that align with its values of creativity, family-friendly entertainment, and innovation, Nintendo has ensured that its brand remains both timeless and continuously evolving.",True,"[{""aliases"": [""Niantic""], ""description"": ""mobile app development company"", ""id"": ""Q13462819"", ""name"": ""Niantic"", ""thumbnail"": null, ""type"": ""ORG"", ""url"": ""https://en.wikipedia.org/wiki/Niantic""}, {""aliases"": [""Nintendo""], ""description"": ""Japanese multinational video game and consumer electronics company"", ""id"": ""Q8093"", ""name"": ""Nintendo"", ""thumbnail"": ""https://commons.wikimedia.org/wiki/Special:FilePath/Nintendo.svg?width=200"", ""type"": ""ORG"", ""url"": ""https://en.wikipedia.org/wiki/Nintendo""}, {""aliases"": [""Nvidia""], ""description"": ""American multinational technology company"", ""id"": ""Q182477"", ""name"": ""Nvidia"", ""thumbnail"": ""https://commons.wikimedia.org/wiki/Special:FilePath/NVIDIA_logo.svg?width=200"", ""type"": ""ORG"", ""url"": ""https://en.wikipedia.org/wiki/Nvidia""}, {""aliases"": [""Lego"", ""The Lego Group""], ""description"": ""Danish toy manufacturer best known for interlocking-brick construction toys"", ""id"": ""Q1063455"", ""name"": ""The Lego Group"", ""thumbnail"": ""https://commons.wikimedia.org/wiki/Special:FilePath/LEGO_logo.svg?width=200"", ""type"": ""ORG"", ""url"": ""https://en.wikipedia.org/wiki/The_Lego_Group""}, {""aliases"": [""Universal Destinations & Experiences"", ""Universal Parks & Resorts""], ""description"": ""theme park division of NBCUniversal"", ""id"": ""Q1186857"", ""name"": ""Universal Destinations & Experiences"", ""thumbnail"": ""https://upload.wikimedia.org/wikipedia/en/thumb/8/80/Universal_Destinations_and_Experiences_Logo.png/330px-Universal_Destinations_and_Experiences_Logo.png"", ""type"": ""ORG"", ""url"": ""https://en.wikipedia.org/wiki/Universal_Destinations_%26_Experiences""}, {""aliases"": [""DeNA""], ""description"": ""provider of mobile portals and e-commerce websites based in Japan"", ""id"": ""Q11320256"", ""name"": ""DeNA"", ""thumbnail"": ""https://commons.wikimedia.org/wiki/Special:FilePath/DeNA_Co_logo.svg?width=200"", ""type"": ""ORG"", ""url"": ""https://en.wikipedia.org/wiki/DeNA""}, {""aliases"": [""Levi Strauss & Co."", ""Levi’s""], ""description"": ""privately held American clothing company"", ""id"": ""Q127962"", ""name"": ""Levi Strauss & Co."", ""thumbnail"": ""https://commons.wikimedia.org/wiki/Special:FilePath/Levi%27s_logo.svg?width=200"", ""type"": ""ORG"", ""url"": ""https://en.wikipedia.org/wiki/Levi_Strauss_%26_Co.""}, {""aliases"": [""Mercedes-Benz"", ""Mercedes-Benz AG""], ""description"": ""German car manufacturer"", ""id"": ""Q76754241"", ""name"": ""Mercedes-Benz AG"", ""thumbnail"": ""https://commons.wikimedia.org/wiki/Special:FilePath/Mercedes-Benz_Logo_2010.svg?width=200"", ""type"": ""ORG"", ""url"": ""https://en.wikipedia.org/wiki/Mercedes-Benz""}, {""aliases"": [""Puma""], ""description"": ""German multinational corporation"", ""id"": ""Q157064"", ""name"": ""Puma"", ""thumbnail"": ""https://commons.wikimedia.org/wiki/Special:FilePath/Puma-logo-%28text%29.svg?width=200"", ""type"": ""ORG"", ""url"": ""https://en.wikipedia.org/wiki/Puma""}, {""aliases"": [""Illumination""], ""description"": ""American animation film production company"", ""id"": ""Q1189512"", ""name"": ""Illumination"", ""thumbnail"": ""https://commons.wikimedia.org/wiki/Special:FilePath/Illumination_Entertainment_logo.svg?width=200"", ""type"": ""ORG"", ""url"": ""https://en.wikipedia.org/wiki/Illumination""}, {""aliases"": [""Amazon""], ""description"": ""American multinational technology company"", ""id"": ""Q3884"", ""name"": ""Amazon"", ""thumbnail"": ""https://commons.wikimedia.org/wiki/Special:FilePath/Amazon_logo.svg?width=200"", ""type"": ""ORG"", ""url"": ""https://en.wikipedia.org/wiki/Amazon""}]","[{""from_id"": ""Q8093"", ""to_id"": ""Q1189512"", ""type"": ""COLLAB""}, {""from_id"": ""Q8093"", ""to_id"": ""Q76754241"", ""type"": ""COLLAB""}, {""from_id"": ""Q8093"", ""to_id"": ""Q182477"", ""type"": ""COLLAB""}, {""from_id"": ""Q8093"", ""to_id"": ""Q11320256"", ""type"": ""COLLAB""}, {""from_id"": ""Q8093"", ""to_id"": ""Q127962"", ""type"": ""COLLAB""}, {""from_id"": ""Q8093"", ""to_id"": ""Q1186857"", ""type"": ""COLLAB""}, {""from_id"": ""Q8093"", ""to_id"": ""Q1063455"", ""type"": ""COLLAB""}, {""from_id"": ""Q8093"", ""to_id"": ""Q157064"", ""type"": ""COLLAB""}, {""from_id"": ""Q13462819"", ""to_id"": ""Q8093"", ""type"": ""COLLAB""}, {""from_id"": ""Q8093"", ""to_id"": ""Q3884"", ""type"": ""COLLAB""}]"